{
  "benchmark": "Import Plugin - Recommended Preset",
  "timestamp": "2026-01-02T14:11:30.741Z",
  "iterations": 3,
  "environment": {
    "node": "v20.19.5",
    "platform": "darwin",
    "arch": "arm64"
  },
  "results": [
    {
      "size": 1000,
      "plugins": {
        "eslint-plugin-import": {
          "times": [
            2.581667667,
            2.319914167,
            2.362370166
          ],
          "stats": {
            "mean": 2.421317333333333,
            "median": 2.362370166,
            "min": 2.319914167,
            "max": 2.581667667,
            "stdDev": 0.11470193283181276
          }
        },
        "eslint-plugin-import-next": {
          "times": [
            1.844530042,
            1.77301875,
            1.732179334
          ],
          "stats": {
            "mean": 1.783242708666667,
            "median": 1.77301875,
            "min": 1.732179334,
            "max": 1.844530042,
            "stdDev": 0.04643323088147533
          }
        }
      },
      "speedup": 1.4
    },
    {
      "size": 5000,
      "plugins": {
        "eslint-plugin-import": {
          "times": [
            18.030501167,
            18.63045825,
            18.620905459
          ],
          "stats": {
            "mean": 18.427288292,
            "median": 18.620905459,
            "min": 18.030501167,
            "max": 18.63045825,
            "stdDev": 0.28059796967464123
          }
        },
        "eslint-plugin-import-next": {
          "times": [
            5.730394375,
            6.0478865,
            6.417685041
          ],
          "stats": {
            "mean": 6.065321972,
            "median": 6.0478865,
            "min": 5.730394375,
            "max": 6.417685041,
            "stdDev": 0.2808559674228981
          }
        }
      },
      "speedup": 3
    },
    {
      "size": 10000,
      "plugins": {
        "eslint-plugin-import": {
          "times": [
            58.886122083,
            57.360568833,
            56.987899584
          ],
          "stats": {
            "mean": 57.7448635,
            "median": 57.360568833,
            "min": 56.987899584,
            "max": 58.886122083,
            "stdDev": 0.8212080358597446
          }
        },
        "eslint-plugin-import-next": {
          "times": [
            10.562681416,
            10.726277417,
            10.433182292
          ],
          "stats": {
            "mean": 10.574047041666667,
            "median": 10.562681416,
            "min": 10.433182292,
            "max": 10.726277417,
            "stdDev": 0.11992517433741091
          }
        }
      },
      "speedup": 5.5
    }
  ]
}