{
  "benchmark": "Import Plugin Benchmark",
  "timestamp": "2026-01-02T05:54:31.295Z",
  "iterations": 5,
  "environment": {
    "node": "v20.19.5",
    "platform": "darwin",
    "arch": "arm64"
  },
  "results": [
    {
      "size": 1000,
      "plugins": {
        "eslint-plugin-import": {
          "times": [
            3.190050958,
            2.67469625,
            2.736216625,
            2.705824042,
            2.699365459
          ],
          "stats": {
            "mean": 2.8012306668,
            "median": 2.705824042,
            "min": 2.67469625,
            "max": 3.190050958,
            "stdDev": 0.19539598139716496
          }
        },
        "eslint-plugin-import-next": {
          "times": [
            1.780404083,
            1.796614959,
            1.77823975,
            1.794549666,
            1.77185075
          ],
          "stats": {
            "mean": 1.7843318415999998,
            "median": 1.780404083,
            "min": 1.77185075,
            "max": 1.796614959,
            "stdDev": 0.009629095738870518
          }
        }
      },
      "speedup": 1.6
    },
    {
      "size": 5000,
      "plugins": {
        "eslint-plugin-import": {
          "times": [
            18.917870208,
            19.169476625,
            19.246262541,
            19.236177542,
            18.618757333
          ],
          "stats": {
            "mean": 19.0377088498,
            "median": 19.169476625,
            "min": 18.618757333,
            "max": 19.246262541,
            "stdDev": 0.24088540178905393
          }
        },
        "eslint-plugin-import-next": {
          "times": [
            5.781094917,
            5.645766709,
            5.835145833,
            5.605519375,
            5.920945417
          ],
          "stats": {
            "mean": 5.757694450200001,
            "median": 5.781094917,
            "min": 5.605519375,
            "max": 5.920945417,
            "stdDev": 0.11737312253449231
          }
        }
      },
      "speedup": 3.3
    },
    {
      "size": 10000,
      "plugins": {
        "eslint-plugin-import": {
          "times": [
            57.991873417,
            57.938523,
            59.50496875,
            58.893367084,
            59.034555459
          ],
          "stats": {
            "mean": 58.672657542,
            "median": 58.893367084,
            "min": 57.938523,
            "max": 59.50496875,
            "stdDev": 0.6123471730694564
          }
        },
        "eslint-plugin-import-next": {
          "times": [
            10.651218458,
            10.684109833,
            11.058717709,
            12.813809875,
            11.074958709
          ],
          "stats": {
            "mean": 11.256562916800002,
            "median": 11.058717709,
            "min": 10.651218458,
            "max": 12.813809875,
            "stdDev": 0.7989099261262482
          }
        }
      },
      "speedup": 5.2
    }
  ]
}